"participant","switching_point","role","experiment"
1,460,"Owner-Seller","Exp1.1"
3,200,"Owner-Seller","Exp1.1"
5,300,"Owner-Seller","Exp1.1"
7,140,"Owner-Seller","Exp1.1"
9,500,"Owner-Seller","Exp1.1"
11,260,"Owner-Seller","Exp1.1"
13,500,"Owner-Seller","Exp1.1"
15,500,"Owner-Seller","Exp1.1"
17,500,"Owner-Seller","Exp1.1"
19,380,"Owner-Seller","Exp1.1"
21,280,"Owner-Seller","Exp1.1"
23,300,"Owner-Seller","Exp1.1"
25,300,"Owner-Seller","Exp1.1"
27,300,"Owner-Seller","Exp1.1"
29,400,"Owner-Seller","Exp1.1"
31,500,"Owner-Seller","Exp1.1"
35,20,"Owner-Seller","Exp1.1"
37,220,"Owner-Seller","Exp1.1"
39,20,"Owner-Seller","Exp1.1"
41,500,"Owner-Seller","Exp1.1"
43,60,"Owner-Seller","Exp1.1"
45,120,"Owner-Seller","Exp1.1"
47,240,"Owner-Seller","Exp1.1"
49,20,"Owner-Seller","Exp1.1"
51,20,"Owner-Seller","Exp1.1"
53,60,"Owner-Seller","Exp1.1"
55,60,"Owner-Seller","Exp1.1"
57,100,"Owner-Seller","Exp1.1"
59,500,"Owner-Seller","Exp1.1"
61,500,"Owner-Seller","Exp1.1"
63,20,"Owner-Seller","Exp1.1"
65,20,"Owner-Seller","Exp1.1"
67,500,"Owner-Seller","Exp1.1"
69,500,"Owner-Seller","Exp1.1"
71,500,"Owner-Seller","Exp1.1"
73,300,"Owner-Seller","Exp1.1"
77,500,"Owner-Seller","Exp1.1"
81,300,"Owner-Seller","Exp1.1"
83,200,"Owner-Seller","Exp1.1"
85,340,"Owner-Seller","Exp1.1"
87,60,"Owner-Seller","Exp1.1"
88,500,"Owner-Seller","Exp1.1"
90,500,"Owner-Seller","Exp1.1"
92,200,"Owner-Seller","Exp1.1"
94,500,"Owner-Seller","Exp1.1"
95,500,"Owner-Seller","Exp1.1"
96,200,"Owner-Seller","Exp1.1"
98,40,"Owner-Seller","Exp1.1"
100,100,"Owner-Seller","Exp1.1"
101,100,"Owner-Seller","Exp1.1"
103,500,"Owner-Seller","Exp1.1"
105,140,"Owner-Seller","Exp1.1"
107,40,"Owner-Seller","Exp1.1"
109,500,"Owner-Seller","Exp1.1"
111,500,"Owner-Seller","Exp1.1"
113,60,"Owner-Seller","Exp1.1"
115,20,"Owner-Seller","Exp1.1"
117,500,"Owner-Seller","Exp1.1"
119,80,"Owner-Seller","Exp1.1"
121,120,"Owner-Seller","Exp1.1"
123,500,"Owner-Seller","Exp1.1"
124,80,"Owner-Seller","Exp1.1"
126,120,"Owner-Seller","Exp1.1"
128,500,"Owner-Seller","Exp1.1"
130,300,"Owner-Seller","Exp1.1"
132,500,"Owner-Seller","Exp1.1"
134,500,"Owner-Seller","Exp1.1"
136,220,"Owner-Seller","Exp1.1"
138,400,"Owner-Seller","Exp1.1"
140,500,"Owner-Seller","Exp1.1"
142,500,"Owner-Seller","Exp1.1"
144,500,"Owner-Seller","Exp1.1"
146,100,"Owner-Seller","Exp1.1"
148,140,"Owner-Seller","Exp1.1"
150,180,"Owner-Seller","Exp1.1"
152,20,"Owner-Seller","Exp1.1"
156,500,"Owner-Seller","Exp1.1"
158,20,"Owner-Seller","Exp1.1"
161,500,"Owner-Seller","Exp1.1"
163,140,"Owner-Seller","Exp1.1"
165,100,"Owner-Seller","Exp1.1"
167,500,"Owner-Seller","Exp1.1"
168,300,"Owner-Seller","Exp1.1"
171,140,"Owner-Seller","Exp1.1"
175,500,"Owner-Seller","Exp1.1"
177,300,"Owner-Seller","Exp1.1"
179,20,"Owner-Seller","Exp1.1"
181,160,"Owner-Seller","Exp1.1"
183,280,"Owner-Seller","Exp1.1"
185,500,"Owner-Seller","Exp1.1"
187,500,"Owner-Seller","Exp1.1"
189,500,"Owner-Seller","Exp1.1"
190,20,"Owner-Seller","Exp1.1"
193,500,"Owner-Seller","Exp1.1"
195,500,"Owner-Seller","Exp1.1"
197,140,"Owner-Seller","Exp1.1"
199,500,"Owner-Seller","Exp1.1"
201,200,"Owner-Seller","Exp1.1"
203,20,"Owner-Seller","Exp1.1"
205,100,"Owner-Seller","Exp1.1"
207,20,"Owner-Seller","Exp1.1"
211,20,"Owner-Seller","Exp1.1"
215,500,"Owner-Seller","Exp1.1"
216,500,"Owner-Seller","Exp1.1"
218,480,"Owner-Seller","Exp1.1"
220,40,"Owner-Seller","Exp1.1"
222,140,"Owner-Seller","Exp1.1"
226,160,"Owner-Seller","Exp1.1"
230,360,"Owner-Seller","Exp1.1"
231,400,"Owner-Seller","Exp1.1"
232,340,"Owner-Seller","Exp1.1"
233,500,"Owner-Seller","Exp1.1"
235,500,"Owner-Seller","Exp1.1"
237,100,"Owner-Seller","Exp1.1"
238,500,"Owner-Seller","Exp1.1"
240,60,"Owner-Seller","Exp1.1"
242,20,"Owner-Seller","Exp1.1"
243,60,"Owner-Seller","Exp1.1"
244,180,"Owner-Seller","Exp1.1"
245,100,"Owner-Seller","Exp1.1"
246,100,"Owner-Seller","Exp1.1"
247,160,"Owner-Seller","Exp1.1"
250,60,"Owner-Seller","Exp1.1"
251,340,"Owner-Seller","Exp1.1"
253,500,"Owner-Seller","Exp1.1"
254,300,"Owner-Seller","Exp1.1"
257,100,"Owner-Seller","Exp1.1"
259,200,"Owner-Seller","Exp1.1"
260,160,"Owner-Seller","Exp1.1"
262,300,"Owner-Seller","Exp1.1"
267,200,"Owner-Seller","Exp1.1"
270,400,"Owner-Seller","Exp1.1"
271,380,"Owner-Seller","Exp1.1"
275,80,"Owner-Seller","Exp1.1"
276,300,"Owner-Seller","Exp1.1"
284,500,"Owner-Seller","Exp1.1"
285,20,"Owner-Seller","Exp1.1"
286,180,"Owner-Seller","Exp1.1"
2,240,"Nonowner-Buyer","Exp1.1"
4,20,"Nonowner-Buyer","Exp1.1"
6,400,"Nonowner-Buyer","Exp1.1"
8,100,"Nonowner-Buyer","Exp1.1"
10,280,"Nonowner-Buyer","Exp1.1"
12,260,"Nonowner-Buyer","Exp1.1"
14,100,"Nonowner-Buyer","Exp1.1"
16,20,"Nonowner-Buyer","Exp1.1"
18,80,"Nonowner-Buyer","Exp1.1"
20,160,"Nonowner-Buyer","Exp1.1"
22,160,"Nonowner-Buyer","Exp1.1"
24,80,"Nonowner-Buyer","Exp1.1"
26,160,"Nonowner-Buyer","Exp1.1"
28,60,"Nonowner-Buyer","Exp1.1"
30,60,"Nonowner-Buyer","Exp1.1"
32,500,"Nonowner-Buyer","Exp1.1"
34,300,"Nonowner-Buyer","Exp1.1"
36,500,"Nonowner-Buyer","Exp1.1"
38,100,"Nonowner-Buyer","Exp1.1"
40,500,"Nonowner-Buyer","Exp1.1"
42,120,"Nonowner-Buyer","Exp1.1"
44,320,"Nonowner-Buyer","Exp1.1"
46,440,"Nonowner-Buyer","Exp1.1"
48,120,"Nonowner-Buyer","Exp1.1"
50,200,"Nonowner-Buyer","Exp1.1"
52,140,"Nonowner-Buyer","Exp1.1"
54,500,"Nonowner-Buyer","Exp1.1"
56,400,"Nonowner-Buyer","Exp1.1"
58,120,"Nonowner-Buyer","Exp1.1"
60,80,"Nonowner-Buyer","Exp1.1"
62,300,"Nonowner-Buyer","Exp1.1"
64,20,"Nonowner-Buyer","Exp1.1"
66,100,"Nonowner-Buyer","Exp1.1"
68,500,"Nonowner-Buyer","Exp1.1"
70,100,"Nonowner-Buyer","Exp1.1"
72,200,"Nonowner-Buyer","Exp1.1"
74,200,"Nonowner-Buyer","Exp1.1"
75,20,"Nonowner-Buyer","Exp1.1"
76,140,"Nonowner-Buyer","Exp1.1"
78,80,"Nonowner-Buyer","Exp1.1"
79,20,"Nonowner-Buyer","Exp1.1"
80,500,"Nonowner-Buyer","Exp1.1"
82,500,"Nonowner-Buyer","Exp1.1"
84,500,"Nonowner-Buyer","Exp1.1"
89,20,"Nonowner-Buyer","Exp1.1"
91,500,"Nonowner-Buyer","Exp1.1"
95,500,"Nonowner-Buyer","Exp1.1"
97,20,"Nonowner-Buyer","Exp1.1"
99,20,"Nonowner-Buyer","Exp1.1"
102,40,"Nonowner-Buyer","Exp1.1"
104,500,"Nonowner-Buyer","Exp1.1"
106,400,"Nonowner-Buyer","Exp1.1"
108,500,"Nonowner-Buyer","Exp1.1"
110,20,"Nonowner-Buyer","Exp1.1"
112,120,"Nonowner-Buyer","Exp1.1"
114,180,"Nonowner-Buyer","Exp1.1"
116,500,"Nonowner-Buyer","Exp1.1"
118,500,"Nonowner-Buyer","Exp1.1"
120,500,"Nonowner-Buyer","Exp1.1"
122,500,"Nonowner-Buyer","Exp1.1"
125,280,"Nonowner-Buyer","Exp1.1"
127,500,"Nonowner-Buyer","Exp1.1"
129,60,"Nonowner-Buyer","Exp1.1"
131,500,"Nonowner-Buyer","Exp1.1"
133,20,"Nonowner-Buyer","Exp1.1"
135,380,"Nonowner-Buyer","Exp1.1"
137,220,"Nonowner-Buyer","Exp1.1"
139,280,"Nonowner-Buyer","Exp1.1"
141,20,"Nonowner-Buyer","Exp1.1"
143,500,"Nonowner-Buyer","Exp1.1"
145,300,"Nonowner-Buyer","Exp1.1"
147,20,"Nonowner-Buyer","Exp1.1"
149,500,"Nonowner-Buyer","Exp1.1"
151,500,"Nonowner-Buyer","Exp1.1"
153,60,"Nonowner-Buyer","Exp1.1"
154,120,"Nonowner-Buyer","Exp1.1"
155,320,"Nonowner-Buyer","Exp1.1"
157,60,"Nonowner-Buyer","Exp1.1"
159,500,"Nonowner-Buyer","Exp1.1"
160,20,"Nonowner-Buyer","Exp1.1"
162,500,"Nonowner-Buyer","Exp1.1"
164,20,"Nonowner-Buyer","Exp1.1"
166,500,"Nonowner-Buyer","Exp1.1"
168,500,"Nonowner-Buyer","Exp1.1"
170,500,"Nonowner-Buyer","Exp1.1"
172,500,"Nonowner-Buyer","Exp1.1"
174,20,"Nonowner-Buyer","Exp1.1"
176,400,"Nonowner-Buyer","Exp1.1"
178,500,"Nonowner-Buyer","Exp1.1"
180,300,"Nonowner-Buyer","Exp1.1"
182,100,"Nonowner-Buyer","Exp1.1"
184,60,"Nonowner-Buyer","Exp1.1"
186,40,"Nonowner-Buyer","Exp1.1"
188,20,"Nonowner-Buyer","Exp1.1"
191,20,"Nonowner-Buyer","Exp1.1"
192,500,"Nonowner-Buyer","Exp1.1"
194,120,"Nonowner-Buyer","Exp1.1"
196,100,"Nonowner-Buyer","Exp1.1"
198,360,"Nonowner-Buyer","Exp1.1"
200,80,"Nonowner-Buyer","Exp1.1"
202,20,"Nonowner-Buyer","Exp1.1"
204,200,"Nonowner-Buyer","Exp1.1"
206,120,"Nonowner-Buyer","Exp1.1"
208,100,"Nonowner-Buyer","Exp1.1"
209,80,"Nonowner-Buyer","Exp1.1"
210,200,"Nonowner-Buyer","Exp1.1"
212,100,"Nonowner-Buyer","Exp1.1"
213,120,"Nonowner-Buyer","Exp1.1"
214,40,"Nonowner-Buyer","Exp1.1"
219,120,"Nonowner-Buyer","Exp1.1"
221,80,"Nonowner-Buyer","Exp1.1"
223,100,"Nonowner-Buyer","Exp1.1"
224,120,"Nonowner-Buyer","Exp1.1"
225,220,"Nonowner-Buyer","Exp1.1"
227,120,"Nonowner-Buyer","Exp1.1"
228,160,"Nonowner-Buyer","Exp1.1"
229,280,"Nonowner-Buyer","Exp1.1"
234,220,"Nonowner-Buyer","Exp1.1"
236,80,"Nonowner-Buyer","Exp1.1"
239,40,"Nonowner-Buyer","Exp1.1"
241,160,"Nonowner-Buyer","Exp1.1"
248,120,"Nonowner-Buyer","Exp1.1"
249,320,"Nonowner-Buyer","Exp1.1"
252,160,"Nonowner-Buyer","Exp1.1"
255,160,"Nonowner-Buyer","Exp1.1"
256,180,"Nonowner-Buyer","Exp1.1"
258,240,"Nonowner-Buyer","Exp1.1"
261,180,"Nonowner-Buyer","Exp1.1"
263,220,"Nonowner-Buyer","Exp1.1"
264,180,"Nonowner-Buyer","Exp1.1"
265,320,"Nonowner-Buyer","Exp1.1"
266,120,"Nonowner-Buyer","Exp1.1"
268,320,"Nonowner-Buyer","Exp1.1"
269,160,"Nonowner-Buyer","Exp1.1"
272,140,"Nonowner-Buyer","Exp1.1"
273,60,"Nonowner-Buyer","Exp1.1"
274,100,"Nonowner-Buyer","Exp1.1"
277,220,"Nonowner-Buyer","Exp1.1"
278,120,"Nonowner-Buyer","Exp1.1"
279,40,"Nonowner-Buyer","Exp1.1"
280,140,"Nonowner-Buyer","Exp1.1"
281,140,"Nonowner-Buyer","Exp1.1"
282,340,"Nonowner-Buyer","Exp1.1"
283,340,"Nonowner-Buyer","Exp1.1"
3,400,"Owner-Buyer-2nd","Exp1.2"
5,500,"Owner-Buyer-2nd","Exp1.2"
7,140,"Owner-Buyer-2nd","Exp1.2"
9,200,"Owner-Buyer-2nd","Exp1.2"
11,260,"Owner-Buyer-2nd","Exp1.2"
13,300,"Owner-Buyer-2nd","Exp1.2"
15,400,"Owner-Buyer-2nd","Exp1.2"
17,300,"Owner-Buyer-2nd","Exp1.2"
19,160,"Owner-Buyer-2nd","Exp1.2"
21,300,"Owner-Buyer-2nd","Exp1.2"
23,100,"Owner-Buyer-2nd","Exp1.2"
27,200,"Owner-Buyer-2nd","Exp1.2"
29,200,"Owner-Buyer-2nd","Exp1.2"
31,20,"Owner-Buyer-2nd","Exp1.2"
35,60,"Owner-Buyer-2nd","Exp1.2"
37,180,"Owner-Buyer-2nd","Exp1.2"
39,500,"Owner-Buyer-2nd","Exp1.2"
41,500,"Owner-Buyer-2nd","Exp1.2"
44,220,"Owner-Buyer-2nd","Exp1.2"
45,240,"Owner-Buyer-2nd","Exp1.2"
47,260,"Owner-Buyer-2nd","Exp1.2"
51,20,"Owner-Buyer-2nd","Exp1.2"
53,60,"Owner-Buyer-2nd","Exp1.2"
56,200,"Owner-Buyer-2nd","Exp1.2"
57,100,"Owner-Buyer-2nd","Exp1.2"
59,320,"Owner-Buyer-2nd","Exp1.2"
61,40,"Owner-Buyer-2nd","Exp1.2"
63,20,"Owner-Buyer-2nd","Exp1.2"
65,100,"Owner-Buyer-2nd","Exp1.2"
67,500,"Owner-Buyer-2nd","Exp1.2"
68,20,"Owner-Buyer-2nd","Exp1.2"
69,500,"Owner-Buyer-2nd","Exp1.2"
71,20,"Owner-Buyer-2nd","Exp1.2"
73,20,"Owner-Buyer-2nd","Exp1.2"
77,500,"Owner-Buyer-2nd","Exp1.2"
81,200,"Owner-Buyer-2nd","Exp1.2"
83,300,"Owner-Buyer-2nd","Exp1.2"
85,40,"Owner-Buyer-2nd","Exp1.2"
87,60,"Owner-Buyer-2nd","Exp1.2"
88,500,"Owner-Buyer-2nd","Exp1.2"
90,500,"Owner-Buyer-2nd","Exp1.2"
92,120,"Owner-Buyer-2nd","Exp1.2"
94,500,"Owner-Buyer-2nd","Exp1.2"
95,500,"Owner-Buyer-2nd","Exp1.2"
96,500,"Owner-Buyer-2nd","Exp1.2"
98,140,"Owner-Buyer-2nd","Exp1.2"
100,80,"Owner-Buyer-2nd","Exp1.2"
101,240,"Owner-Buyer-2nd","Exp1.2"
102,20,"Owner-Buyer-2nd","Exp1.2"
105,400,"Owner-Buyer-2nd","Exp1.2"
107,40,"Owner-Buyer-2nd","Exp1.2"
109,500,"Owner-Buyer-2nd","Exp1.2"
113,20,"Owner-Buyer-2nd","Exp1.2"
115,20,"Owner-Buyer-2nd","Exp1.2"
117,20,"Owner-Buyer-2nd","Exp1.2"
119,140,"Owner-Buyer-2nd","Exp1.2"
121,100,"Owner-Buyer-2nd","Exp1.2"
123,20,"Owner-Buyer-2nd","Exp1.2"
124,100,"Owner-Buyer-2nd","Exp1.2"
126,20,"Owner-Buyer-2nd","Exp1.2"
128,20,"Owner-Buyer-2nd","Exp1.2"
129,60,"Owner-Buyer-2nd","Exp1.2"
130,300,"Owner-Buyer-2nd","Exp1.2"
132,120,"Owner-Buyer-2nd","Exp1.2"
134,120,"Owner-Buyer-2nd","Exp1.2"
136,300,"Owner-Buyer-2nd","Exp1.2"
138,200,"Owner-Buyer-2nd","Exp1.2"
140,480,"Owner-Buyer-2nd","Exp1.2"
142,20,"Owner-Buyer-2nd","Exp1.2"
144,40,"Owner-Buyer-2nd","Exp1.2"
146,100,"Owner-Buyer-2nd","Exp1.2"
148,160,"Owner-Buyer-2nd","Exp1.2"
150,20,"Owner-Buyer-2nd","Exp1.2"
152,20,"Owner-Buyer-2nd","Exp1.2"
156,320,"Owner-Buyer-2nd","Exp1.2"
158,20,"Owner-Buyer-2nd","Exp1.2"
160,500,"Owner-Buyer-2nd","Exp1.2"
161,500,"Owner-Buyer-2nd","Exp1.2"
163,400,"Owner-Buyer-2nd","Exp1.2"
171,40,"Owner-Buyer-2nd","Exp1.2"
175,20,"Owner-Buyer-2nd","Exp1.2"
177,20,"Owner-Buyer-2nd","Exp1.2"
179,20,"Owner-Buyer-2nd","Exp1.2"
185,500,"Owner-Buyer-2nd","Exp1.2"
187,120,"Owner-Buyer-2nd","Exp1.2"
189,260,"Owner-Buyer-2nd","Exp1.2"
191,20,"Owner-Buyer-2nd","Exp1.2"
193,20,"Owner-Buyer-2nd","Exp1.2"
195,120,"Owner-Buyer-2nd","Exp1.2"
197,160,"Owner-Buyer-2nd","Exp1.2"
199,500,"Owner-Buyer-2nd","Exp1.2"
201,260,"Owner-Buyer-2nd","Exp1.2"
203,20,"Owner-Buyer-2nd","Exp1.2"
205,120,"Owner-Buyer-2nd","Exp1.2"
207,20,"Owner-Buyer-2nd","Exp1.2"
211,20,"Owner-Buyer-2nd","Exp1.2"
215,320,"Owner-Buyer-2nd","Exp1.2"
216,100,"Owner-Buyer-2nd","Exp1.2"
217,60,"Owner-Buyer-2nd","Exp1.2"
218,120,"Owner-Buyer-2nd","Exp1.2"
220,60,"Owner-Buyer-2nd","Exp1.2"
222,120,"Owner-Buyer-2nd","Exp1.2"
226,100,"Owner-Buyer-2nd","Exp1.2"
230,200,"Owner-Buyer-2nd","Exp1.2"
231,120,"Owner-Buyer-2nd","Exp1.2"
232,320,"Owner-Buyer-2nd","Exp1.2"
233,120,"Owner-Buyer-2nd","Exp1.2"
235,80,"Owner-Buyer-2nd","Exp1.2"
237,220,"Owner-Buyer-2nd","Exp1.2"
238,180,"Owner-Buyer-2nd","Exp1.2"
240,60,"Owner-Buyer-2nd","Exp1.2"
242,20,"Owner-Buyer-2nd","Exp1.2"
243,60,"Owner-Buyer-2nd","Exp1.2"
244,40,"Owner-Buyer-2nd","Exp1.2"
245,60,"Owner-Buyer-2nd","Exp1.2"
246,120,"Owner-Buyer-2nd","Exp1.2"
247,400,"Owner-Buyer-2nd","Exp1.2"
250,100,"Owner-Buyer-2nd","Exp1.2"
251,140,"Owner-Buyer-2nd","Exp1.2"
254,140,"Owner-Buyer-2nd","Exp1.2"
257,100,"Owner-Buyer-2nd","Exp1.2"
259,120,"Owner-Buyer-2nd","Exp1.2"
260,20,"Owner-Buyer-2nd","Exp1.2"
262,100,"Owner-Buyer-2nd","Exp1.2"
267,120,"Owner-Buyer-2nd","Exp1.2"
270,80,"Owner-Buyer-2nd","Exp1.2"
271,160,"Owner-Buyer-2nd","Exp1.2"
275,200,"Owner-Buyer-2nd","Exp1.2"
276,140,"Owner-Buyer-2nd","Exp1.2"
284,180,"Owner-Buyer-2nd","Exp1.2"
285,40,"Owner-Buyer-2nd","Exp1.2"
286,60,"Owner-Buyer-2nd","Exp1.2"
2,220,"Nonowner-Buyer-Pkg","Exp1.2"
4,500,"Nonowner-Buyer-Pkg","Exp1.2"
6,400,"Nonowner-Buyer-Pkg","Exp1.2"
8,60,"Nonowner-Buyer-Pkg","Exp1.2"
10,200,"Nonowner-Buyer-Pkg","Exp1.2"
12,200,"Nonowner-Buyer-Pkg","Exp1.2"
14,120,"Nonowner-Buyer-Pkg","Exp1.2"
16,320,"Nonowner-Buyer-Pkg","Exp1.2"
18,100,"Nonowner-Buyer-Pkg","Exp1.2"
20,160,"Nonowner-Buyer-Pkg","Exp1.2"
22,160,"Nonowner-Buyer-Pkg","Exp1.2"
24,120,"Nonowner-Buyer-Pkg","Exp1.2"
26,300,"Nonowner-Buyer-Pkg","Exp1.2"
28,160,"Nonowner-Buyer-Pkg","Exp1.2"
32,60,"Nonowner-Buyer-Pkg","Exp1.2"
34,280,"Nonowner-Buyer-Pkg","Exp1.2"
38,100,"Nonowner-Buyer-Pkg","Exp1.2"
40,20,"Nonowner-Buyer-Pkg","Exp1.2"
42,160,"Nonowner-Buyer-Pkg","Exp1.2"
43,80,"Nonowner-Buyer-Pkg","Exp1.2"
46,500,"Nonowner-Buyer-Pkg","Exp1.2"
48,140,"Nonowner-Buyer-Pkg","Exp1.2"
49,500,"Nonowner-Buyer-Pkg","Exp1.2"
50,200,"Nonowner-Buyer-Pkg","Exp1.2"
52,140,"Nonowner-Buyer-Pkg","Exp1.2"
54,160,"Nonowner-Buyer-Pkg","Exp1.2"
55,100,"Nonowner-Buyer-Pkg","Exp1.2"
58,120,"Nonowner-Buyer-Pkg","Exp1.2"
60,120,"Nonowner-Buyer-Pkg","Exp1.2"
62,180,"Nonowner-Buyer-Pkg","Exp1.2"
64,20,"Nonowner-Buyer-Pkg","Exp1.2"
66,200,"Nonowner-Buyer-Pkg","Exp1.2"
70,80,"Nonowner-Buyer-Pkg","Exp1.2"
72,260,"Nonowner-Buyer-Pkg","Exp1.2"
74,220,"Nonowner-Buyer-Pkg","Exp1.2"
75,360,"Nonowner-Buyer-Pkg","Exp1.2"
76,140,"Nonowner-Buyer-Pkg","Exp1.2"
78,100,"Nonowner-Buyer-Pkg","Exp1.2"
79,20,"Nonowner-Buyer-Pkg","Exp1.2"
80,500,"Nonowner-Buyer-Pkg","Exp1.2"
82,500,"Nonowner-Buyer-Pkg","Exp1.2"
84,500,"Nonowner-Buyer-Pkg","Exp1.2"
89,20,"Nonowner-Buyer-Pkg","Exp1.2"
91,500,"Nonowner-Buyer-Pkg","Exp1.2"
95,320,"Nonowner-Buyer-Pkg","Exp1.2"
97,80,"Nonowner-Buyer-Pkg","Exp1.2"
99,20,"Nonowner-Buyer-Pkg","Exp1.2"
103,360,"Nonowner-Buyer-Pkg","Exp1.2"
104,500,"Nonowner-Buyer-Pkg","Exp1.2"
106,100,"Nonowner-Buyer-Pkg","Exp1.2"
108,500,"Nonowner-Buyer-Pkg","Exp1.2"
110,20,"Nonowner-Buyer-Pkg","Exp1.2"
112,180,"Nonowner-Buyer-Pkg","Exp1.2"
114,120,"Nonowner-Buyer-Pkg","Exp1.2"
116,500,"Nonowner-Buyer-Pkg","Exp1.2"
118,240,"Nonowner-Buyer-Pkg","Exp1.2"
120,500,"Nonowner-Buyer-Pkg","Exp1.2"
122,500,"Nonowner-Buyer-Pkg","Exp1.2"
125,180,"Nonowner-Buyer-Pkg","Exp1.2"
127,500,"Nonowner-Buyer-Pkg","Exp1.2"
131,60,"Nonowner-Buyer-Pkg","Exp1.2"
133,20,"Nonowner-Buyer-Pkg","Exp1.2"
135,360,"Nonowner-Buyer-Pkg","Exp1.2"
137,500,"Nonowner-Buyer-Pkg","Exp1.2"
139,240,"Nonowner-Buyer-Pkg","Exp1.2"
141,500,"Nonowner-Buyer-Pkg","Exp1.2"
142,500,"Nonowner-Buyer-Pkg","Exp1.2"
145,40,"Nonowner-Buyer-Pkg","Exp1.2"
147,20,"Nonowner-Buyer-Pkg","Exp1.2"
149,500,"Nonowner-Buyer-Pkg","Exp1.2"
151,500,"Nonowner-Buyer-Pkg","Exp1.2"
153,500,"Nonowner-Buyer-Pkg","Exp1.2"
154,180,"Nonowner-Buyer-Pkg","Exp1.2"
155,260,"Nonowner-Buyer-Pkg","Exp1.2"
157,40,"Nonowner-Buyer-Pkg","Exp1.2"
159,500,"Nonowner-Buyer-Pkg","Exp1.2"
164,20,"Nonowner-Buyer-Pkg","Exp1.2"
165,200,"Nonowner-Buyer-Pkg","Exp1.2"
166,500,"Nonowner-Buyer-Pkg","Exp1.2"
167,40,"Nonowner-Buyer-Pkg","Exp1.2"
168,500,"Nonowner-Buyer-Pkg","Exp1.2"
169,80,"Nonowner-Buyer-Pkg","Exp1.2"
170,500,"Nonowner-Buyer-Pkg","Exp1.2"
172,500,"Nonowner-Buyer-Pkg","Exp1.2"
174,20,"Nonowner-Buyer-Pkg","Exp1.2"
176,400,"Nonowner-Buyer-Pkg","Exp1.2"
178,400,"Nonowner-Buyer-Pkg","Exp1.2"
180,200,"Nonowner-Buyer-Pkg","Exp1.2"
181,100,"Nonowner-Buyer-Pkg","Exp1.2"
182,100,"Nonowner-Buyer-Pkg","Exp1.2"
183,300,"Nonowner-Buyer-Pkg","Exp1.2"
184,60,"Nonowner-Buyer-Pkg","Exp1.2"
186,40,"Nonowner-Buyer-Pkg","Exp1.2"
188,20,"Nonowner-Buyer-Pkg","Exp1.2"
191,20,"Nonowner-Buyer-Pkg","Exp1.2"
192,500,"Nonowner-Buyer-Pkg","Exp1.2"
194,120,"Nonowner-Buyer-Pkg","Exp1.2"
196,100,"Nonowner-Buyer-Pkg","Exp1.2"
198,340,"Nonowner-Buyer-Pkg","Exp1.2"
200,80,"Nonowner-Buyer-Pkg","Exp1.2"
202,500,"Nonowner-Buyer-Pkg","Exp1.2"
204,160,"Nonowner-Buyer-Pkg","Exp1.2"
206,140,"Nonowner-Buyer-Pkg","Exp1.2"
208,120,"Nonowner-Buyer-Pkg","Exp1.2"
209,260,"Nonowner-Buyer-Pkg","Exp1.2"
210,320,"Nonowner-Buyer-Pkg","Exp1.2"
212,200,"Nonowner-Buyer-Pkg","Exp1.2"
213,120,"Nonowner-Buyer-Pkg","Exp1.2"
214,60,"Nonowner-Buyer-Pkg","Exp1.2"
219,120,"Nonowner-Buyer-Pkg","Exp1.2"
221,220,"Nonowner-Buyer-Pkg","Exp1.2"
223,200,"Nonowner-Buyer-Pkg","Exp1.2"
224,200,"Nonowner-Buyer-Pkg","Exp1.2"
225,460,"Nonowner-Buyer-Pkg","Exp1.2"
227,160,"Nonowner-Buyer-Pkg","Exp1.2"
228,260,"Nonowner-Buyer-Pkg","Exp1.2"
229,440,"Nonowner-Buyer-Pkg","Exp1.2"
234,420,"Nonowner-Buyer-Pkg","Exp1.2"
236,120,"Nonowner-Buyer-Pkg","Exp1.2"
239,40,"Nonowner-Buyer-Pkg","Exp1.2"
241,220,"Nonowner-Buyer-Pkg","Exp1.2"
248,200,"Nonowner-Buyer-Pkg","Exp1.2"
249,320,"Nonowner-Buyer-Pkg","Exp1.2"
252,240,"Nonowner-Buyer-Pkg","Exp1.2"
255,220,"Nonowner-Buyer-Pkg","Exp1.2"
256,220,"Nonowner-Buyer-Pkg","Exp1.2"
258,320,"Nonowner-Buyer-Pkg","Exp1.2"
261,260,"Nonowner-Buyer-Pkg","Exp1.2"
263,300,"Nonowner-Buyer-Pkg","Exp1.2"
264,260,"Nonowner-Buyer-Pkg","Exp1.2"
265,420,"Nonowner-Buyer-Pkg","Exp1.2"
266,320,"Nonowner-Buyer-Pkg","Exp1.2"
268,440,"Nonowner-Buyer-Pkg","Exp1.2"
272,220,"Nonowner-Buyer-Pkg","Exp1.2"
273,180,"Nonowner-Buyer-Pkg","Exp1.2"
274,200,"Nonowner-Buyer-Pkg","Exp1.2"
277,340,"Nonowner-Buyer-Pkg","Exp1.2"
278,180,"Nonowner-Buyer-Pkg","Exp1.2"
279,160,"Nonowner-Buyer-Pkg","Exp1.2"
280,200,"Nonowner-Buyer-Pkg","Exp1.2"
281,300,"Nonowner-Buyer-Pkg","Exp1.2"
282,20,"Nonowner-Buyer-Pkg","Exp1.2"
283,380,"Nonowner-Buyer-Pkg","Exp1.2"
3,80,"Owner-Seller","Exp2"
15,380,"Owner-Seller","Exp2"
19,280,"Owner-Seller","Exp2"
23,120,"Owner-Seller","Exp2"
27,120,"Owner-Seller","Exp2"
31,400,"Owner-Seller","Exp2"
32,40,"Owner-Seller","Exp2"
35,60,"Owner-Seller","Exp2"
39,500,"Owner-Seller","Exp2"
44,20,"Owner-Seller","Exp2"
47,320,"Owner-Seller","Exp2"
51,500,"Owner-Seller","Exp2"
56,100,"Owner-Seller","Exp2"
59,300,"Owner-Seller","Exp2"
63,300,"Owner-Seller","Exp2"
68,20,"Owner-Seller","Exp2"
71,20,"Owner-Seller","Exp2"
79,500,"Owner-Seller","Exp2"
83,20,"Owner-Seller","Exp2"
91,20,"Owner-Seller","Exp2"
98,380,"Owner-Seller","Exp2"
105,300,"Owner-Seller","Exp2"
109,20,"Owner-Seller","Exp2"
113,100,"Owner-Seller","Exp2"
117,500,"Owner-Seller","Exp2"
124,500,"Owner-Seller","Exp2"
136,400,"Owner-Seller","Exp2"
144,20,"Owner-Seller","Exp2"
148,180,"Owner-Seller","Exp2"
153,20,"Owner-Seller","Exp2"
156,320,"Owner-Seller","Exp2"
160,20,"Owner-Seller","Exp2"
163,400,"Owner-Seller","Exp2"
175,500,"Owner-Seller","Exp2"
179,20,"Owner-Seller","Exp2"
184,120,"Owner-Seller","Exp2"
187,120,"Owner-Seller","Exp2"
189,200,"Owner-Seller","Exp2"
192,500,"Owner-Seller","Exp2"
195,300,"Owner-Seller","Exp2"
199,20,"Owner-Seller","Exp2"
203,500,"Owner-Seller","Exp2"
207,20,"Owner-Seller","Exp2"
284,280,"Owner-Seller","Exp2"
4,500,"Owner-Buyer","Exp2"
8,100,"Owner-Buyer","Exp2"
11,300,"Owner-Buyer","Exp2"
12,500,"Owner-Buyer","Exp2"
16,300,"Owner-Buyer","Exp2"
20,500,"Owner-Buyer","Exp2"
24,120,"Owner-Buyer","Exp2"
28,300,"Owner-Buyer","Exp2"
30,80,"Owner-Buyer","Exp2"
32,180,"Owner-Buyer","Exp2"
40,40,"Owner-Buyer","Exp2"
43,80,"Owner-Buyer","Exp2"
48,160,"Owner-Buyer","Exp2"
52,160,"Owner-Buyer","Exp2"
55,60,"Owner-Buyer","Exp2"
64,500,"Owner-Buyer","Exp2"
72,340,"Owner-Buyer","Exp2"
75,500,"Owner-Buyer","Exp2"
80,500,"Owner-Buyer","Exp2"
84,500,"Owner-Buyer","Exp2"
90,20,"Owner-Buyer","Exp2"
95,20,"Owner-Buyer","Exp2"
99,500,"Owner-Buyer","Exp2"
101,260,"Owner-Buyer","Exp2"
106,200,"Owner-Buyer","Exp2"
110,500,"Owner-Buyer","Exp2"
114,220,"Owner-Buyer","Exp2"
118,440,"Owner-Buyer","Exp2"
125,400,"Owner-Buyer","Exp2"
128,500,"Owner-Buyer","Exp2"
133,20,"Owner-Buyer","Exp2"
137,220,"Owner-Buyer","Exp2"
142,500,"Owner-Buyer","Exp2"
143,20,"Owner-Buyer","Exp2"
145,40,"Owner-Buyer","Exp2"
152,20,"Owner-Buyer","Exp2"
157,20,"Owner-Buyer","Exp2"
164,20,"Owner-Buyer","Exp2"
171,500,"Owner-Buyer","Exp2"
176,20,"Owner-Buyer","Exp2"
180,80,"Owner-Buyer","Exp2"
182,400,"Owner-Buyer","Exp2"
188,500,"Owner-Buyer","Exp2"
191,20,"Owner-Buyer","Exp2"
196,100,"Owner-Buyer","Exp2"
200,500,"Owner-Buyer","Exp2"
204,200,"Owner-Buyer","Exp2"
208,200,"Owner-Buyer","Exp2"
209,160,"Owner-Buyer","Exp2"
210,400,"Owner-Buyer","Exp2"
211,500,"Owner-Buyer","Exp2"
212,200,"Owner-Buyer","Exp2"
213,20,"Owner-Buyer","Exp2"
214,40,"Owner-Buyer","Exp2"
215,220,"Owner-Buyer","Exp2"
216,300,"Owner-Buyer","Exp2"
218,360,"Owner-Buyer","Exp2"
219,120,"Owner-Buyer","Exp2"
220,500,"Owner-Buyer","Exp2"
221,260,"Owner-Buyer","Exp2"
222,220,"Owner-Buyer","Exp2"
223,120,"Owner-Buyer","Exp2"
224,140,"Owner-Buyer","Exp2"
225,240,"Owner-Buyer","Exp2"
226,20,"Owner-Buyer","Exp2"
228,500,"Owner-Buyer","Exp2"
229,100,"Owner-Buyer","Exp2"
230,180,"Owner-Buyer","Exp2"
231,500,"Owner-Buyer","Exp2"
232,200,"Owner-Buyer","Exp2"
233,100,"Owner-Buyer","Exp2"
234,220,"Owner-Buyer","Exp2"
235,120,"Owner-Buyer","Exp2"
236,60,"Owner-Buyer","Exp2"
237,300,"Owner-Buyer","Exp2"
238,260,"Owner-Buyer","Exp2"
239,220,"Owner-Buyer","Exp2"
240,100,"Owner-Buyer","Exp2"
241,160,"Owner-Buyer","Exp2"
242,500,"Owner-Buyer","Exp2"
243,60,"Owner-Buyer","Exp2"
244,100,"Owner-Buyer","Exp2"
245,100,"Owner-Buyer","Exp2"
247,360,"Owner-Buyer","Exp2"
248,120,"Owner-Buyer","Exp2"
249,20,"Owner-Buyer","Exp2"
250,140,"Owner-Buyer","Exp2"
251,240,"Owner-Buyer","Exp2"
252,140,"Owner-Buyer","Exp2"
253,220,"Owner-Buyer","Exp2"
254,200,"Owner-Buyer","Exp2"
256,300,"Owner-Buyer","Exp2"
257,120,"Owner-Buyer","Exp2"
258,140,"Owner-Buyer","Exp2"
259,420,"Owner-Buyer","Exp2"
260,180,"Owner-Buyer","Exp2"
261,140,"Owner-Buyer","Exp2"
262,20,"Owner-Buyer","Exp2"
263,200,"Owner-Buyer","Exp2"
264,300,"Owner-Buyer","Exp2"
265,320,"Owner-Buyer","Exp2"
266,320,"Owner-Buyer","Exp2"
267,260,"Owner-Buyer","Exp2"
268,180,"Owner-Buyer","Exp2"
269,160,"Owner-Buyer","Exp2"
270,320,"Owner-Buyer","Exp2"
271,300,"Owner-Buyer","Exp2"
272,80,"Owner-Buyer","Exp2"
273,380,"Owner-Buyer","Exp2"
275,220,"Owner-Buyer","Exp2"
276,180,"Owner-Buyer","Exp2"
277,400,"Owner-Buyer","Exp2"
278,20,"Owner-Buyer","Exp2"
279,100,"Owner-Buyer","Exp2"
280,100,"Owner-Buyer","Exp2"
281,300,"Owner-Buyer","Exp2"
282,20,"Owner-Buyer","Exp2"
284,200,"Owner-Buyer","Exp2"
285,160,"Owner-Buyer","Exp2"
286,140,"Owner-Buyer","Exp2"
6,20,"Nonowner-Seller","Exp2"
9,300,"Nonowner-Seller","Exp2"
13,460,"Nonowner-Seller","Exp2"
17,200,"Nonowner-Seller","Exp2"
26,220,"Nonowner-Seller","Exp2"
29,220,"Nonowner-Seller","Exp2"
37,200,"Nonowner-Seller","Exp2"
41,20,"Nonowner-Seller","Exp2"
46,360,"Nonowner-Seller","Exp2"
49,80,"Nonowner-Seller","Exp2"
53,60,"Nonowner-Seller","Exp2"
57,100,"Nonowner-Seller","Exp2"
61,500,"Nonowner-Seller","Exp2"
65,500,"Nonowner-Seller","Exp2"
66,300,"Nonowner-Seller","Exp2"
69,500,"Nonowner-Seller","Exp2"
73,300,"Nonowner-Seller","Exp2"
77,500,"Nonowner-Seller","Exp2"
82,80,"Nonowner-Seller","Exp2"
88,500,"Nonowner-Seller","Exp2"
95,20,"Nonowner-Seller","Exp2"
104,500,"Nonowner-Seller","Exp2"
107,120,"Nonowner-Seller","Exp2"
111,20,"Nonowner-Seller","Exp2"
116,500,"Nonowner-Seller","Exp2"
119,500,"Nonowner-Seller","Exp2"
126,300,"Nonowner-Seller","Exp2"
130,300,"Nonowner-Seller","Exp2"
134,220,"Nonowner-Seller","Exp2"
140,120,"Nonowner-Seller","Exp2"
143,260,"Nonowner-Seller","Exp2"
146,20,"Nonowner-Seller","Exp2"
150,120,"Nonowner-Seller","Exp2"
154,120,"Nonowner-Seller","Exp2"
158,20,"Nonowner-Seller","Exp2"
167,20,"Nonowner-Seller","Exp2"
172,500,"Nonowner-Seller","Exp2"
177,320,"Nonowner-Seller","Exp2"
182,100,"Nonowner-Seller","Exp2"
185,500,"Nonowner-Seller","Exp2"
190,500,"Nonowner-Seller","Exp2"
193,500,"Nonowner-Seller","Exp2"
198,320,"Nonowner-Seller","Exp2"
201,200,"Nonowner-Seller","Exp2"
206,140,"Nonowner-Seller","Exp2"
227,220,"Nonowner-Seller","Exp2"
274,100,"Nonowner-Seller","Exp2"
2,260,"Nonowner-Buyer","Exp2"
5,400,"Nonowner-Buyer","Exp2"
10,400,"Nonowner-Buyer","Exp2"
14,180,"Nonowner-Buyer","Exp2"
18,80,"Nonowner-Buyer","Exp2"
22,200,"Nonowner-Buyer","Exp2"
25,420,"Nonowner-Buyer","Exp2"
34,320,"Nonowner-Buyer","Exp2"
38,100,"Nonowner-Buyer","Exp2"
42,180,"Nonowner-Buyer","Exp2"
45,120,"Nonowner-Buyer","Exp2"
50,100,"Nonowner-Buyer","Exp2"
54,200,"Nonowner-Buyer","Exp2"
58,200,"Nonowner-Buyer","Exp2"
62,220,"Nonowner-Buyer","Exp2"
70,160,"Nonowner-Buyer","Exp2"
74,200,"Nonowner-Buyer","Exp2"
78,200,"Nonowner-Buyer","Exp2"
81,300,"Nonowner-Buyer","Exp2"
86,500,"Nonowner-Buyer","Exp2"
89,20,"Nonowner-Buyer","Exp2"
92,160,"Nonowner-Buyer","Exp2"
97,500,"Nonowner-Buyer","Exp2"
102,500,"Nonowner-Buyer","Exp2"
103,360,"Nonowner-Buyer","Exp2"
108,20,"Nonowner-Buyer","Exp2"
112,180,"Nonowner-Buyer","Exp2"
115,500,"Nonowner-Buyer","Exp2"
120,500,"Nonowner-Buyer","Exp2"
121,160,"Nonowner-Buyer","Exp2"
122,500,"Nonowner-Buyer","Exp2"
123,240,"Nonowner-Buyer","Exp2"
127,500,"Nonowner-Buyer","Exp2"
131,100,"Nonowner-Buyer","Exp2"
135,20,"Nonowner-Buyer","Exp2"
139,280,"Nonowner-Buyer","Exp2"
147,500,"Nonowner-Buyer","Exp2"
151,500,"Nonowner-Buyer","Exp2"
155,500,"Nonowner-Buyer","Exp2"
159,500,"Nonowner-Buyer","Exp2"
161,500,"Nonowner-Buyer","Exp2"
166,20,"Nonowner-Buyer","Exp2"
170,80,"Nonowner-Buyer","Exp2"
174,500,"Nonowner-Buyer","Exp2"
178,320,"Nonowner-Buyer","Exp2"
181,140,"Nonowner-Buyer","Exp2"
186,80,"Nonowner-Buyer","Exp2"
194,60,"Nonowner-Buyer","Exp2"
197,180,"Nonowner-Buyer","Exp2"
